url,page_type,title,title_len,meta_description,desc_len,h1
/,home,Yono Games List — 90 Apps by Category | New Yono Apps,53,"An independent directory of 90 Yono game apps sorted into 7 categories, from rummy and slots to Teen Patti, arcade and bingo. Browse the full list.",147,"Every Yono game, in one directory"
/games/,directory,All Yono Games — Full List of 90 Apps | New Yono Apps,53,Search or filter the complete list of 90 Yono apps by name and category. Every title is shown with its category and artwork. Updated as the roster changes.,155,All Yono Games
/games/rummy.html,category,Yono Rummy — 26 Apps Listed | New Yono Apps,43,"All 26 rummy titles in the Yono app directory. Card games built on the Indian rummy family, including 13-card and 21-card formats where players form valid.",155,Rummy
/games/slots-and-777.html,category,Yono Slots & 777 — 35 Apps Listed | New Yono Apps,49,All 35 slots & 777 titles in the Yono app directory. Reel-spinning and 777-style titles where the outcome turns on symbol combinations rather than player.,154,Slots & 777
/games/teen-patti-and-vip-club.html,category,Yono Teen Patti & VIP Club — 7 Apps Listed | New Yono Apps,58,"All 7 teen patti & vip club titles in the Yono app directory. Teen Patti and private club-room titles, the three-card betting format widely played across.",154,Teen Patti & VIP Club
/games/arcade-and-casual.html,category,Yono Arcade & Casual — 13 Apps Listed | New Yono Apps,53,All 13 arcade & casual titles in the Yono app directory. Mixed-game hubs and casual titles that bundle several smaller games into a single app rather than.,155,Arcade & Casual
/games/multi-game-platforms.html,category,Yono Multi-Game Platforms — 6 Apps Listed | New Yono Apps,57,All 6 multi-game platforms titles in the Yono app directory. Multi-game platform apps that carry a broad catalogue spanning several of the other.,145,Multi-Game Platforms
/games/bingo.html,category,Yono Bingo — 2 Apps Listed | New Yono Apps,42,"All 2 bingo titles in the Yono app directory. Number-draw titles where players mark off numbers on a card as they are called, aiming to complete a winning.",155,Bingo
/games/ludo-and-board.html,category,Yono Ludo & Board — 1 Apps Listed | New Yono Apps,49,All 1 ludo & board titles in the Yono app directory. Board-game titles built on Ludo and related turn-based formats played on a cross-shaped track.,147,Ludo & Board
/games/abc-rummy.html,game,ABC Rummy — App Details & Rummy Guide | New Yono Apps,53,"ABC Rummy is a rummy app listed in the Yono directory. Check its category and platform details, and browse related rummy titles in the same section.",148,ABC Rummy — Rummy App Details
/games/boss-rummy.html,game,Boss Rummy — App Details & Rummy Guide | New Yono Apps,54,"Boss Rummy is a rummy app listed in the Yono directory. Check its category and platform details, and browse related rummy titles in the same section.",149,Boss Rummy — Rummy App Details
/games/game-rummy.html,game,Game Rummy — App Details & Rummy Guide | New Yono Apps,54,"Game Rummy is a rummy app listed in the Yono directory. Check its category and platform details, and browse related rummy titles in the same section.",149,Game Rummy — Rummy App Details
/games/gogo-rummy.html,game,GoGo Rummy — App Details & Rummy Guide | New Yono Apps,54,"GoGo Rummy is a rummy app listed in the Yono directory. Check its category and platform details, and browse related rummy titles in the same section.",149,GoGo Rummy — Rummy App Details
/games/gold-rummy.html,game,Gold Rummy — App Details & Rummy Guide | New Yono Apps,54,"Gold Rummy is a rummy app listed in the Yono directory. Check its category and platform details, and browse related rummy titles in the same section.",149,Gold Rummy — Rummy App Details
/games/hi-rummy.html,game,Hi Rummy — App Details & Rummy Guide | New Yono Apps,52,"Hi Rummy is a rummy app listed in the Yono directory. Check its category and platform details, and browse related rummy titles in the same section.",147,Hi Rummy — Rummy App Details
/games/ind-rummy.html,game,Ind Rummy — App Details & Rummy Guide | New Yono Apps,53,"Ind Rummy is a rummy app listed in the Yono directory. Check its category and platform details, and browse related rummy titles in the same section.",148,Ind Rummy — Rummy App Details
/games/inr-rummy.html,game,INR Rummy — App Details & Rummy Guide | New Yono Apps,53,"INR Rummy is a rummy app listed in the Yono directory. Check its category and platform details, and browse related rummy titles in the same section.",148,INR Rummy — Rummy App Details
/games/jaiho-rummy.html,game,JaiHo Rummy — App Details & Rummy Guide | New Yono Apps,55,"JaiHo Rummy is a rummy app listed in the Yono directory. Check its category and platform details, and browse related rummy titles in the same section.",150,JaiHo Rummy — Rummy App Details
/games/joy-rummy.html,game,Joy Rummy — App Details & Rummy Guide | New Yono Apps,53,"Joy Rummy is a rummy app listed in the Yono directory. Check its category and platform details, and browse related rummy titles in the same section.",148,Joy Rummy — Rummy App Details
/games/love-rummy.html,game,Love Rummy — App Details & Rummy Guide | New Yono Apps,54,"Love Rummy is a rummy app listed in the Yono directory. Check its category and platform details, and browse related rummy titles in the same section.",149,Love Rummy — Rummy App Details
/games/max-rummy.html,game,Max Rummy — App Details & Rummy Guide | New Yono Apps,53,"Max Rummy is a rummy app listed in the Yono directory. Check its category and platform details, and browse related rummy titles in the same section.",148,Max Rummy — Rummy App Details
/games/money-rummy.html,game,Money Rummy — App Details & Rummy Guide | New Yono Apps,55,"Money Rummy is a rummy app listed in the Yono directory. Check its category and platform details, and browse related rummy titles in the same section.",150,Money Rummy — Rummy App Details
/games/ok-rummy.html,game,OK Rummy — App Details & Rummy Guide | New Yono Apps,52,"OK Rummy is a rummy app listed in the Yono directory. Check its category and platform details, and browse related rummy titles in the same section.",147,OK Rummy — Rummy App Details
/games/rumble-rummy.html,game,Rumble Rummy — App Details & Rummy Guide | New Yono Apps,56,"Rumble Rummy is a rummy app listed in the Yono directory. Check its category and platform details, and browse related rummy titles in the same section.",151,Rumble Rummy — Rummy App Details
/games/rummy-365.html,game,Rummy 365 — App Details & Rummy Guide | New Yono Apps,53,"Rummy 365 is a rummy app listed in the Yono directory. Check its category and platform details, and browse related rummy titles in the same section.",148,Rummy 365 — Rummy App Details
/games/rummy-77.html,game,Rummy 77 — App Details & Rummy Guide | New Yono Apps,52,"Rummy 77 is a rummy app listed in the Yono directory. Check its category and platform details, and browse related rummy titles in the same section.",147,Rummy 77 — Rummy App Details
/games/rummy-888.html,game,Rummy 888 — App Details & Rummy Guide | New Yono Apps,53,"Rummy 888 is a rummy app listed in the Yono directory. Check its category and platform details, and browse related rummy titles in the same section.",148,Rummy 888 — Rummy App Details
/games/rummy-91.html,game,Rummy 91 — App Details & Rummy Guide | New Yono Apps,52,"Rummy 91 is a rummy app listed in the Yono directory. Check its category and platform details, and browse related rummy titles in the same section.",147,Rummy 91 — Rummy App Details
/games/rummy-yono.html,game,Rummy Yono — App Details & Rummy Guide | New Yono Apps,54,"Rummy Yono is a rummy app listed in the Yono directory. Check its category and platform details, and browse related rummy titles in the same section.",149,Rummy Yono — Rummy App Details
/games/rummy-zip.html,game,Rummy Zip — App Details & Rummy Guide | New Yono Apps,53,"Rummy Zip is a rummy app listed in the Yono directory. Check its category and platform details, and browse related rummy titles in the same section.",148,Rummy Zip — Rummy App Details
/games/top-rummy.html,game,Top Rummy — App Details & Rummy Guide | New Yono Apps,53,"Top Rummy is a rummy app listed in the Yono directory. Check its category and platform details, and browse related rummy titles in the same section.",148,Top Rummy — Rummy App Details
/games/win-rummy.html,game,Win Rummy — App Details & Rummy Guide | New Yono Apps,53,"Win Rummy is a rummy app listed in the Yono directory. Check its category and platform details, and browse related rummy titles in the same section.",148,Win Rummy — Rummy App Details
/games/winzo-rummy.html,game,Winzo Rummy — App Details & Rummy Guide | New Yono Apps,55,"Winzo Rummy is a rummy app listed in the Yono directory. Check its category and platform details, and browse related rummy titles in the same section.",150,Winzo Rummy — Rummy App Details
/games/yn-rummy.html,game,YN Rummy — App Details & Rummy Guide | New Yono Apps,52,"YN Rummy is a rummy app listed in the Yono directory. Check its category and platform details, and browse related rummy titles in the same section.",147,YN Rummy — Rummy App Details
/games/yono-rummy.html,game,Yono Rummy — App Details & Rummy Guide | New Yono Apps,54,"Yono Rummy is a rummy app listed in the Yono directory. Check its category and platform details, and browse related rummy titles in the same section.",149,Yono Rummy — Rummy App Details
/games/101z.html,game,101z — App Details & Slots Guide | New Yono Apps,48,"101z is a slots & 777 app listed in the Yono directory. Check its category and platform details, and browse related slots titles in the same section.",149,101z — Slots App Details
/games/567-slots.html,game,567 Slots — App Details & Slots Guide | New Yono Apps,53,"567 Slots is a slots & 777 app listed in the Yono directory. Check its category and platform details, and browse related slots titles in the same section.",154,567 Slots — Slots App Details
/games/777-game.html,game,777 Game — App Details & Slots Guide | New Yono Apps,52,"777 Game is a slots & 777 app listed in the Yono directory. Check its category and platform details, and browse related slots titles in the same section.",153,777 Game — Slots App Details
/games/789-jackpots.html,game,789 Jackpots — App Details & Slots Guide | New Yono Apps,56,"789 Jackpots is a slots & 777 app listed in the Yono directory. Check its category and platform details, and browse related slots titles in the same.",149,789 Jackpots — Slots App Details
/games/bet-213-slots.html,game,Bet 213 Slots — App Details & Slots Guide | New Yono Apps,57,"Bet 213 Slots is a slots & 777 app listed in the Yono directory. Check its category and platform details, and browse related slots titles in the same.",150,Bet 213 Slots — Slots App Details
/games/diwa-777.html,game,Diwa 777 — App Details & Slots Guide | New Yono Apps,52,"Diwa 777 is a slots & 777 app listed in the Yono directory. Check its category and platform details, and browse related slots titles in the same section.",153,Diwa 777 — Slots App Details
/games/diwa-slots.html,game,Diwa Slots — App Details & Slots Guide | New Yono Apps,54,"Diwa Slots is a slots & 777 app listed in the Yono directory. Check its category and platform details, and browse related slots titles in the same section.",155,Diwa Slots — Slots App Details
/games/ever-777.html,game,Ever 777 — App Details & Slots Guide | New Yono Apps,52,"Ever 777 is a slots & 777 app listed in the Yono directory. Check its category and platform details, and browse related slots titles in the same section.",153,Ever 777 — Slots App Details
/games/goa-spin.html,game,Goa Spin — App Details & Slots Guide | New Yono Apps,52,"Goa Spin is a slots & 777 app listed in the Yono directory. Check its category and platform details, and browse related slots titles in the same section.",153,Goa Spin — Slots App Details
/games/good-slots.html,game,Good Slots — App Details & Slots Guide | New Yono Apps,54,"Good Slots is a slots & 777 app listed in the Yono directory. Check its category and platform details, and browse related slots titles in the same section.",155,Good Slots — Slots App Details
/games/hindi-777.html,game,Hindi 777 — App Details & Slots Guide | New Yono Apps,53,"Hindi 777 is a slots & 777 app listed in the Yono directory. Check its category and platform details, and browse related slots titles in the same section.",154,Hindi 777 — Slots App Details
/games/ind-slots.html,game,Ind Slots — App Details & Slots Guide | New Yono Apps,53,"Ind Slots is a slots & 777 app listed in the Yono directory. Check its category and platform details, and browse related slots titles in the same section.",154,Ind Slots — Slots App Details
/games/inr-slots.html,game,INR Slots — App Details & Slots Guide | New Yono Apps,53,"INR Slots is a slots & 777 app listed in the Yono directory. Check its category and platform details, and browse related slots titles in the same section.",154,INR Slots — Slots App Details
/games/jaiho-777.html,game,JaiHo 777 — App Details & Slots Guide | New Yono Apps,53,"JaiHo 777 is a slots & 777 app listed in the Yono directory. Check its category and platform details, and browse related slots titles in the same section.",154,JaiHo 777 — Slots App Details
/games/jaiho-91.html,game,JaiHo 91 — App Details & Slots Guide | New Yono Apps,52,"JaiHo 91 is a slots & 777 app listed in the Yono directory. Check its category and platform details, and browse related slots titles in the same section.",153,JaiHo 91 — Slots App Details
/games/jaiho-slots.html,game,JaiHo Slots — App Details & Slots Guide | New Yono Apps,55,"JaiHo Slots is a slots & 777 app listed in the Yono directory. Check its category and platform details, and browse related slots titles in the same.",148,JaiHo Slots — Slots App Details
/games/jaiho-spin.html,game,JaiHo Spin — App Details & Slots Guide | New Yono Apps,54,"JaiHo Spin is a slots & 777 app listed in the Yono directory. Check its category and platform details, and browse related slots titles in the same section.",155,JaiHo Spin — Slots App Details
/games/my-777.html,game,My 777 — App Details & Slots Guide | New Yono Apps,50,"My 777 is a slots & 777 app listed in the Yono directory. Check its category and platform details, and browse related slots titles in the same section.",151,My 777 — Slots App Details
/games/rani-slots.html,game,Rani Slots — App Details & Slots Guide | New Yono Apps,54,"Rani Slots is a slots & 777 app listed in the Yono directory. Check its category and platform details, and browse related slots titles in the same section.",155,Rani Slots — Slots App Details
/games/saga-slots.html,game,Saga Slots — App Details & Slots Guide | New Yono Apps,54,"Saga Slots is a slots & 777 app listed in the Yono directory. Check its category and platform details, and browse related slots titles in the same section.",155,Saga Slots — Slots App Details
/games/share-slots.html,game,Share Slots — App Details & Slots Guide | New Yono Apps,55,"Share Slots is a slots & 777 app listed in the Yono directory. Check its category and platform details, and browse related slots titles in the same.",148,Share Slots — Slots App Details
/games/slots-spin.html,game,Slots Spin — App Details & Slots Guide | New Yono Apps,54,"Slots Spin is a slots & 777 app listed in the Yono directory. Check its category and platform details, and browse related slots titles in the same section.",155,Slots Spin — Slots App Details
/games/slots-winner.html,game,Slots Winner — App Details & Slots Guide | New Yono Apps,56,"Slots Winner is a slots & 777 app listed in the Yono directory. Check its category and platform details, and browse related slots titles in the same.",149,Slots Winner — Slots App Details
/games/spin-101.html,game,Spin 101 — App Details & Slots Guide | New Yono Apps,52,"Spin 101 is a slots & 777 app listed in the Yono directory. Check its category and platform details, and browse related slots titles in the same section.",153,Spin 101 — Slots App Details
/games/spin-777.html,game,Spin 777 — App Details & Slots Guide | New Yono Apps,52,"Spin 777 is a slots & 777 app listed in the Yono directory. Check its category and platform details, and browse related slots titles in the same section.",153,Spin 777 — Slots App Details
/games/spin-crush.html,game,Spin Crush — App Details & Slots Guide | New Yono Apps,54,"Spin Crush is a slots & 777 app listed in the Yono directory. Check its category and platform details, and browse related slots titles in the same section.",155,Spin Crush — Slots App Details
/games/spin-gold.html,game,Spin Gold — App Details & Slots Guide | New Yono Apps,53,"Spin Gold is a slots & 777 app listed in the Yono directory. Check its category and platform details, and browse related slots titles in the same section.",154,Spin Gold — Slots App Details
/games/spin-lucky.html,game,Spin Lucky — App Details & Slots Guide | New Yono Apps,54,"Spin Lucky is a slots & 777 app listed in the Yono directory. Check its category and platform details, and browse related slots titles in the same section.",155,Spin Lucky — Slots App Details
/games/spin-winner.html,game,Spin Winner — App Details & Slots Guide | New Yono Apps,55,"Spin Winner is a slots & 777 app listed in the Yono directory. Check its category and platform details, and browse related slots titles in the same.",148,Spin Winner — Slots App Details
/games/svip-777.html,game,SVIP 777 — App Details & Slots Guide | New Yono Apps,52,"SVIP 777 is a slots & 777 app listed in the Yono directory. Check its category and platform details, and browse related slots titles in the same section.",153,SVIP 777 — Slots App Details
/games/yes-spin.html,game,Yes Spin — App Details & Slots Guide | New Yono Apps,52,"Yes Spin is a slots & 777 app listed in the Yono directory. Check its category and platform details, and browse related slots titles in the same section.",153,Yes Spin — Slots App Details
/games/yn-777.html,game,YN 777 — App Details & Slots Guide | New Yono Apps,50,"YN 777 is a slots & 777 app listed in the Yono directory. Check its category and platform details, and browse related slots titles in the same section.",151,YN 777 — Slots App Details
/games/yono-777.html,game,Yono 777 — App Details & Slots Guide | New Yono Apps,52,"Yono 777 is a slots & 777 app listed in the Yono directory. Check its category and platform details, and browse related slots titles in the same section.",153,Yono 777 — Slots App Details
/games/yono-slots.html,game,Yono Slots — App Details & Slots Guide | New Yono Apps,54,"Yono Slots is a slots & 777 app listed in the Yono directory. Check its category and platform details, and browse related slots titles in the same section.",155,Yono Slots — Slots App Details
/games/yoyo-slots.html,game,YoYo Slots — App Details & Slots Guide | New Yono Apps,54,"YoYo Slots is a slots & 777 app listed in the Yono directory. Check its category and platform details, and browse related slots titles in the same section.",155,YoYo Slots — Slots App Details
/games/club-inr.html,game,Club INR — App Details & Teen Patti Guide | New Yono Apps,57,"Club INR is a teen patti & vip club app listed in the Yono directory. See its category and platform details, plus related teen patti titles here.",145,Club INR — Teen Patti App Details
/games/diwa-vip.html,game,Diwa VIP — App Details & Teen Patti Guide | New Yono Apps,57,"Diwa VIP is a teen patti & vip club app listed in the Yono directory. See its category and platform details, plus related teen patti titles here.",145,Diwa VIP — Teen Patti App Details
/games/ind-club.html,game,Ind Club — App Details & Teen Patti Guide | New Yono Apps,57,"Ind Club is a teen patti & vip club app listed in the Yono directory. See its category and platform details, plus related teen patti titles here.",145,Ind Club — Teen Patti App Details
/games/jai-club.html,game,Jai Club — App Details & Teen Patti Guide | New Yono Apps,57,"Jai Club is a teen patti & vip club app listed in the Yono directory. See its category and platform details, plus related teen patti titles here.",145,Jai Club — Teen Patti App Details
/games/neta-vip.html,game,Neta VIP — App Details & Teen Patti Guide | New Yono Apps,57,"Neta VIP is a teen patti & vip club app listed in the Yono directory. See its category and platform details, plus related teen patti titles here.",145,Neta VIP — Teen Patti App Details
/games/teen-patti-master.html,game,Teen Patti Master — App Details & Guide | New Yono Apps,55,"Teen Patti Master is a teen patti & vip club app listed in the Yono directory. See its category and platform details, plus related teen patti titles here.",154,Teen Patti Master — Teen Patti App Details
/games/yono-vip.html,game,Yono VIP — App Details & Teen Patti Guide | New Yono Apps,57,"Yono VIP is a teen patti & vip club app listed in the Yono directory. See its category and platform details, plus related teen patti titles here.",145,Yono VIP — Teen Patti App Details
/games/dhan-game.html,game,Dhan Game — App Details & Arcade Guide | New Yono Apps,54,"Dhan Game is a arcade & casual app listed in the Yono directory. Check its category and platform details, and browse related arcade titles in the same.",151,Dhan Game — Arcade App Details
/games/diwa-game.html,game,Diwa Game — App Details & Arcade Guide | New Yono Apps,54,"Diwa Game is a arcade & casual app listed in the Yono directory. Check its category and platform details, and browse related arcade titles in the same.",151,Diwa Game — Arcade App Details
/games/diwa-king.html,game,Diwa King — App Details & Arcade Guide | New Yono Apps,54,"Diwa King is a arcade & casual app listed in the Yono directory. Check its category and platform details, and browse related arcade titles in the same.",151,Diwa King — Arcade App Details
/games/diwa-lucky.html,game,Diwa Lucky — App Details & Arcade Guide | New Yono Apps,55,"Diwa Lucky is a arcade & casual app listed in the Yono directory. Check its category and platform details, and browse related arcade titles in the same.",152,Diwa Lucky — Arcade App Details
/games/diwa-play.html,game,Diwa Play — App Details & Arcade Guide | New Yono Apps,54,"Diwa Play is a arcade & casual app listed in the Yono directory. Check its category and platform details, and browse related arcade titles in the same.",151,Diwa Play — Arcade App Details
/games/diwa-top.html,game,Diwa Top — App Details & Arcade Guide | New Yono Apps,53,"Diwa Top is a arcade & casual app listed in the Yono directory. Check its category and platform details, and browse related arcade titles in the same.",150,Diwa Top — Arcade App Details
/games/diwa-win.html,game,Diwa Win — App Details & Arcade Guide | New Yono Apps,53,"Diwa Win is a arcade & casual app listed in the Yono directory. Check its category and platform details, and browse related arcade titles in the same.",150,Diwa Win — Arcade App Details
/games/jaiho-arcade.html,game,JaiHo Arcade — App Details & Arcade Guide | New Yono Apps,57,"JaiHo Arcade is a arcade & casual app listed in the Yono directory. Check its category and platform details, and browse related arcade titles in the same.",154,JaiHo Arcade — Arcade App Details
/games/jaiho-win.html,game,JaiHo Win — App Details & Arcade Guide | New Yono Apps,54,"JaiHo Win is a arcade & casual app listed in the Yono directory. Check its category and platform details, and browse related arcade titles in the same.",151,JaiHo Win — Arcade App Details
/games/maha-games.html,game,Maha Games — App Details & Arcade Guide | New Yono Apps,55,"Maha Games is a arcade & casual app listed in the Yono directory. Check its category and platform details, and browse related arcade titles in the same.",152,Maha Games — Arcade App Details
/games/raja-luck.html,game,Raja Luck — App Details & Arcade Guide | New Yono Apps,54,"Raja Luck is a arcade & casual app listed in the Yono directory. Check its category and platform details, and browse related arcade titles in the same.",151,Raja Luck — Arcade App Details
/games/yono-arcade.html,game,Yono Arcade — App Details & Arcade Guide | New Yono Apps,56,"Yono Arcade is a arcade & casual app listed in the Yono directory. Check its category and platform details, and browse related arcade titles in the same.",153,Yono Arcade — Arcade App Details
/games/yono-games.html,game,Yono Games — App Details & Arcade Guide | New Yono Apps,55,"Yono Games is a arcade & casual app listed in the Yono directory. Check its category and platform details, and browse related arcade titles in the same.",152,Yono Games — Arcade App Details
/games/en-365.html,game,EN 365 — App Details & Guide | New Yono Apps,44,"EN 365 is a multi-game platforms app listed in the Yono directory. See its category and platform details, plus related multi-game platforms titles here.",152,EN 365 — Multi-Game Platforms App Details
/games/mbm-bet.html,game,MBM Bet — App Details & Guide | New Yono Apps,45,"MBM Bet is a multi-game platforms app listed in the Yono directory. See its category and platform details, plus related multi-game platforms titles here.",153,MBM Bet — Multi-Game Platforms App Details
/games/mdm-bet.html,game,MDM Bet — App Details & Guide | New Yono Apps,45,"MDM Bet is a multi-game platforms app listed in the Yono directory. See its category and platform details, plus related multi-game platforms titles here.",153,MDM Bet — Multi-Game Platforms App Details
/games/mkm-bet.html,game,MKM Bet — App Details & Guide | New Yono Apps,45,"MKM Bet is a multi-game platforms app listed in the Yono directory. See its category and platform details, plus related multi-game platforms titles here.",153,MKM Bet — Multi-Game Platforms App Details
/games/mqm-bet.html,game,MQM Bet — App Details & Guide | New Yono Apps,45,"MQM Bet is a multi-game platforms app listed in the Yono directory. See its category and platform details, plus related multi-game platforms titles here.",153,MQM Bet — Multi-Game Platforms App Details
/games/mwm-bet.html,game,MWM Bet — App Details & Guide | New Yono Apps,45,"MWM Bet is a multi-game platforms app listed in the Yono directory. See its category and platform details, plus related multi-game platforms titles here.",153,MWM Bet — Multi-Game Platforms App Details
/games/bingo-101.html,game,Bingo 101 — App Details & Bingo Guide | New Yono Apps,53,"Bingo 101 is a bingo app listed in the Yono directory. Check its category and platform details, and browse related bingo titles in the same section.",148,Bingo 101 — Bingo App Details
/games/ind-bingo.html,game,Ind Bingo — App Details & Bingo Guide | New Yono Apps,53,"Ind Bingo is a bingo app listed in the Yono directory. Check its category and platform details, and browse related bingo titles in the same section.",148,Ind Bingo — Bingo App Details
/games/rummy-ludo.html,game,Rummy Ludo — App Details & Ludo Guide | New Yono Apps,53,"Rummy Ludo is a ludo & board app listed in the Yono directory. Check its category and platform details, and browse related ludo titles in the same section.",155,Rummy Ludo — Ludo App Details
