url,page_type,title,title_len,meta_description,desc_len,h1,h2_count,word_count,indexable,canonical,internal_links,images,images_no_alt,schema,content_status,thin
/404.html,404,Page not found | New Yono Apps,30,The page you were looking for does not exist.,45,Page not found,4,180,no,https://games.newyono-apps.in/404.html,20,0,0,,complete,yes
/games/101z.html,game,101z — Slots App Details and Guide | New Yono Apps,50,"101z is a slots and 777 app listed in the Yono directory. Check its category and platform details, and browse related slots titles in the same section.",151,101z — Slots App Details,5,254,no,https://games.newyono-apps.in/games/101z.html,24,5,0,BreadcrumbList+SoftwareApplication,structure only - copy pending,yes
/games/567-slots.html,game,567 Slots — Slots App Details and Guide | New Yono Apps,55,"567 Slots is a slots and 777 app listed in the Yono directory. Check its category and platform details, and browse related slots titles in the same.",148,567 Slots — Slots App Details,5,257,no,https://games.newyono-apps.in/games/567-slots.html,24,5,0,BreadcrumbList+SoftwareApplication,structure only - copy pending,yes
/games/777-game.html,game,777 Game — Slots App Details and Guide | New Yono Apps,54,"777 Game is a slots and 777 app listed in the Yono directory. Check its category and platform details, and browse related slots titles in the same section.",155,777 Game — Slots App Details,5,257,no,https://games.newyono-apps.in/games/777-game.html,24,5,0,BreadcrumbList+SoftwareApplication,structure only - copy pending,yes
/games/789-jackpots.html,game,789 Jackpots — Slots App Details and Guide | New Yono Apps,58,"789 Jackpots is a slots and 777 app listed in the Yono directory. Check its category and platform details, and browse related slots titles in the same.",151,789 Jackpots — Slots App Details,5,257,no,https://games.newyono-apps.in/games/789-jackpots.html,24,5,0,BreadcrumbList+SoftwareApplication,structure only - copy pending,yes
/games/abc-rummy.html,game,ABC Rummy — Rummy App Details and Guide | New Yono Apps,55,"ABC Rummy is a rummy app listed in the Yono directory. Check its category and platform details, and browse related rummy titles in the same section.",148,ABC Rummy — Rummy App Details,5,239,no,https://games.newyono-apps.in/games/abc-rummy.html,24,5,0,BreadcrumbList+SoftwareApplication,structure only - copy pending,yes
/games/arcade-and-casual.html,category,Yono Arcade and Casual — 13 Apps Listed | New Yono Apps,55,All 13 arcade and casual titles in the Yono app directory. Mixed-game hubs and casual titles that bundle several smaller games into a single app rather.,152,Arcade &amp; Casual,4,271,yes,https://games.newyono-apps.in/games/arcade-and-casual.html,33,13,0,BreadcrumbList+CollectionPage,complete,yes
/games/bet-213-slots.html,game,Bet 213 Slots — Slots App Details and Guide | New Yono Apps,59,"Bet 213 Slots is a slots and 777 app listed in the Yono directory. Check its category and platform details, and browse related slots titles in the same.",152,Bet 213 Slots — Slots App Details,5,260,no,https://games.newyono-apps.in/games/bet-213-slots.html,24,5,0,BreadcrumbList+SoftwareApplication,structure only - copy pending,yes
/games/bingo-101.html,game,Bingo 101 — Bingo App Details and Guide | New Yono Apps,55,"Bingo 101 is a bingo app listed in the Yono directory. Check its category and platform details, and browse related bingo titles in the same section.",148,Bingo 101 — Bingo App Details,5,230,no,https://games.newyono-apps.in/games/bingo-101.html,21,2,0,BreadcrumbList+SoftwareApplication,structure only - copy pending,yes
/games/bingo.html,category,Yono Bingo — 2 Apps Listed | New Yono Apps,42,"All 2 bingo titles in the Yono app directory. Number-draw titles where players mark off numbers on a card as they are called, aiming to complete a winning.",155,Bingo,4,206,yes,https://games.newyono-apps.in/games/bingo.html,22,2,0,BreadcrumbList+CollectionPage,complete,yes
/games/boss-rummy.html,game,Boss Rummy — Rummy App Details and Guide | New Yono Apps,56,"Boss Rummy is a rummy app listed in the Yono directory. Check its category and platform details, and browse related rummy titles in the same section.",149,Boss Rummy — Rummy App Details,5,239,no,https://games.newyono-apps.in/games/boss-rummy.html,24,5,0,BreadcrumbList+SoftwareApplication,structure only - copy pending,yes
/games/club-inr.html,game,Club INR — Teen Patti App Details and Guide | New Yono Apps,59,"Club INR is a teen patti and vip club app listed in the Yono directory. See its category and platform details, plus related teen patti titles here.",147,Club INR — Teen Patti App Details,5,277,no,https://games.newyono-apps.in/games/club-inr.html,24,5,0,BreadcrumbList+SoftwareApplication,structure only - copy pending,yes
/games/dhan-game.html,game,Dhan Game — Arcade App Details and Guide | New Yono Apps,56,"Dhan Game is a arcade and casual app listed in the Yono directory. Check its category and platform details, and browse related arcade titles in the same.",153,Dhan Game — Arcade App Details,5,257,no,https://games.newyono-apps.in/games/dhan-game.html,24,5,0,BreadcrumbList+SoftwareApplication,structure only - copy pending,yes
/games/diwa-777.html,game,Diwa 777 — Slots App Details and Guide | New Yono Apps,54,"Diwa 777 is a slots and 777 app listed in the Yono directory. Check its category and platform details, and browse related slots titles in the same section.",155,Diwa 777 — Slots App Details,5,256,no,https://games.newyono-apps.in/games/diwa-777.html,24,5,0,BreadcrumbList+SoftwareApplication,structure only - copy pending,yes
/games/diwa-game.html,game,Diwa Game — Arcade App Details and Guide | New Yono Apps,56,"Diwa Game is a arcade and casual app listed in the Yono directory. Check its category and platform details, and browse related arcade titles in the same.",153,Diwa Game — Arcade App Details,5,257,no,https://games.newyono-apps.in/games/diwa-game.html,24,5,0,BreadcrumbList+SoftwareApplication,structure only - copy pending,yes
/games/diwa-king.html,game,Diwa King — Arcade App Details and Guide | New Yono Apps,56,"Diwa King is a arcade and casual app listed in the Yono directory. Check its category and platform details, and browse related arcade titles in the same.",153,Diwa King — Arcade App Details,5,257,no,https://games.newyono-apps.in/games/diwa-king.html,24,5,0,BreadcrumbList+SoftwareApplication,structure only - copy pending,yes
/games/diwa-lucky.html,game,Diwa Lucky — Arcade App Details and Guide | New Yono Apps,57,"Diwa Lucky is a arcade and casual app listed in the Yono directory. Check its category and platform details, and browse related arcade titles in the same.",154,Diwa Lucky — Arcade App Details,5,257,no,https://games.newyono-apps.in/games/diwa-lucky.html,24,5,0,BreadcrumbList+SoftwareApplication,structure only - copy pending,yes
/games/diwa-play.html,game,Diwa Play — Arcade App Details and Guide | New Yono Apps,56,"Diwa Play is a arcade and casual app listed in the Yono directory. Check its category and platform details, and browse related arcade titles in the same.",153,Diwa Play — Arcade App Details,5,257,no,https://games.newyono-apps.in/games/diwa-play.html,24,5,0,BreadcrumbList+SoftwareApplication,structure only - copy pending,yes
/games/diwa-slots.html,game,Diwa Slots — Slots App Details and Guide | New Yono Apps,56,"Diwa Slots is a slots and 777 app listed in the Yono directory. Check its category and platform details, and browse related slots titles in the same.",149,Diwa Slots — Slots App Details,5,256,no,https://games.newyono-apps.in/games/diwa-slots.html,24,5,0,BreadcrumbList+SoftwareApplication,structure only - copy pending,yes
/games/diwa-top.html,game,Diwa Top — Arcade App Details and Guide | New Yono Apps,55,"Diwa Top is a arcade and casual app listed in the Yono directory. Check its category and platform details, and browse related arcade titles in the same.",152,Diwa Top — Arcade App Details,5,257,no,https://games.newyono-apps.in/games/diwa-top.html,24,5,0,BreadcrumbList+SoftwareApplication,structure only - copy pending,yes
/games/diwa-vip.html,game,Diwa VIP — Teen Patti App Details and Guide | New Yono Apps,59,"Diwa VIP is a teen patti and vip club app listed in the Yono directory. See its category and platform details, plus related teen patti titles here.",147,Diwa VIP — Teen Patti App Details,5,277,no,https://games.newyono-apps.in/games/diwa-vip.html,24,5,0,BreadcrumbList+SoftwareApplication,structure only - copy pending,yes
/games/diwa-win.html,game,Diwa Win — Arcade App Details and Guide | New Yono Apps,55,"Diwa Win is a arcade and casual app listed in the Yono directory. Check its category and platform details, and browse related arcade titles in the same.",152,Diwa Win — Arcade App Details,5,257,no,https://games.newyono-apps.in/games/diwa-win.html,24,5,0,BreadcrumbList+SoftwareApplication,structure only - copy pending,yes
/games/en-365.html,game,EN 365 — App Details and Guide | New Yono Apps,46,"EN 365 is a multi-game platforms app listed in the Yono directory. See its category and platform details, plus related multi-game platforms titles here.",152,EN 365 — Multi-Game Platforms App Details,5,248,no,https://games.newyono-apps.in/games/en-365.html,24,5,0,BreadcrumbList+SoftwareApplication,structure only - copy pending,yes
/games/ever-777.html,game,Ever 777 — Slots App Details and Guide | New Yono Apps,54,"Ever 777 is a slots and 777 app listed in the Yono directory. Check its category and platform details, and browse related slots titles in the same section.",155,Ever 777 — Slots App Details,5,256,no,https://games.newyono-apps.in/games/ever-777.html,24,5,0,BreadcrumbList+SoftwareApplication,structure only - copy pending,yes
/games/game-rummy.html,game,Game Rummy — Rummy App Details and Guide | New Yono Apps,56,"Game Rummy is a rummy app listed in the Yono directory. Check its category and platform details, and browse related rummy titles in the same section.",149,Game Rummy — Rummy App Details,5,239,no,https://games.newyono-apps.in/games/game-rummy.html,24,5,0,BreadcrumbList+SoftwareApplication,structure only - copy pending,yes
/games/goa-spin.html,game,Goa Spin — Slots App Details and Guide | New Yono Apps,54,"Goa Spin is a slots and 777 app listed in the Yono directory. Check its category and platform details, and browse related slots titles in the same section.",155,Goa Spin — Slots App Details,5,256,no,https://games.newyono-apps.in/games/goa-spin.html,24,5,0,BreadcrumbList+SoftwareApplication,structure only - copy pending,yes
/games/gogo-rummy.html,game,GoGo Rummy — Rummy App Details and Guide | New Yono Apps,56,"GoGo Rummy is a rummy app listed in the Yono directory. Check its category and platform details, and browse related rummy titles in the same section.",149,GoGo Rummy — Rummy App Details,5,239,no,https://games.newyono-apps.in/games/gogo-rummy.html,24,5,0,BreadcrumbList+SoftwareApplication,structure only - copy pending,yes
/games/gold-rummy.html,game,Gold Rummy — Rummy App Details and Guide | New Yono Apps,56,"Gold Rummy is a rummy app listed in the Yono directory. Check its category and platform details, and browse related rummy titles in the same section.",149,Gold Rummy — Rummy App Details,5,239,no,https://games.newyono-apps.in/games/gold-rummy.html,24,5,0,BreadcrumbList+SoftwareApplication,structure only - copy pending,yes
/games/good-slots.html,game,Good Slots — Slots App Details and Guide | New Yono Apps,56,"Good Slots is a slots and 777 app listed in the Yono directory. Check its category and platform details, and browse related slots titles in the same.",149,Good Slots — Slots App Details,5,256,no,https://games.newyono-apps.in/games/good-slots.html,24,5,0,BreadcrumbList+SoftwareApplication,structure only - copy pending,yes
/games/hi-rummy.html,game,Hi Rummy — Rummy App Details and Guide | New Yono Apps,54,"Hi Rummy is a rummy app listed in the Yono directory. Check its category and platform details, and browse related rummy titles in the same section.",147,Hi Rummy — Rummy App Details,5,239,no,https://games.newyono-apps.in/games/hi-rummy.html,24,5,0,BreadcrumbList+SoftwareApplication,structure only - copy pending,yes
/games/hindi-777.html,game,Hindi 777 — Slots App Details and Guide | New Yono Apps,55,"Hindi 777 is a slots and 777 app listed in the Yono directory. Check its category and platform details, and browse related slots titles in the same.",148,Hindi 777 — Slots App Details,5,256,no,https://games.newyono-apps.in/games/hindi-777.html,24,5,0,BreadcrumbList+SoftwareApplication,structure only - copy pending,yes
/games/ind-bingo.html,game,Ind Bingo — Bingo App Details and Guide | New Yono Apps,55,"Ind Bingo is a bingo app listed in the Yono directory. Check its category and platform details, and browse related bingo titles in the same section.",148,Ind Bingo — Bingo App Details,5,230,no,https://games.newyono-apps.in/games/ind-bingo.html,21,2,0,BreadcrumbList+SoftwareApplication,structure only - copy pending,yes
/games/ind-club.html,game,Ind Club — Teen Patti App Details and Guide | New Yono Apps,59,"Ind Club is a teen patti and vip club app listed in the Yono directory. See its category and platform details, plus related teen patti titles here.",147,Ind Club — Teen Patti App Details,5,277,no,https://games.newyono-apps.in/games/ind-club.html,24,5,0,BreadcrumbList+SoftwareApplication,structure only - copy pending,yes
/games/ind-rummy.html,game,Ind Rummy — Rummy App Details and Guide | New Yono Apps,55,"Ind Rummy is a rummy app listed in the Yono directory. Check its category and platform details, and browse related rummy titles in the same section.",148,Ind Rummy — Rummy App Details,5,239,no,https://games.newyono-apps.in/games/ind-rummy.html,24,5,0,BreadcrumbList+SoftwareApplication,structure only - copy pending,yes
/games/ind-slots.html,game,Ind Slots — Slots App Details and Guide | New Yono Apps,55,"Ind Slots is a slots and 777 app listed in the Yono directory. Check its category and platform details, and browse related slots titles in the same.",148,Ind Slots — Slots App Details,5,256,no,https://games.newyono-apps.in/games/ind-slots.html,24,5,0,BreadcrumbList+SoftwareApplication,structure only - copy pending,yes
/games/,directory,All Yono Games — Full List of 90 Apps | New Yono Apps,53,Search or filter the complete list of 90 Yono apps by name and category. Every title is shown with its category and artwork. Updated as the roster changes.,155,All Yono Games,11,689,yes,https://games.newyono-apps.in/games/,110,90,0,BreadcrumbList+CollectionPage,complete,no
/games/inr-rummy.html,game,INR Rummy — Rummy App Details and Guide | New Yono Apps,55,"INR Rummy is a rummy app listed in the Yono directory. Check its category and platform details, and browse related rummy titles in the same section.",148,INR Rummy — Rummy App Details,5,239,no,https://games.newyono-apps.in/games/inr-rummy.html,24,5,0,BreadcrumbList+SoftwareApplication,structure only - copy pending,yes
/games/inr-slots.html,game,INR Slots — Slots App Details and Guide | New Yono Apps,55,"INR Slots is a slots and 777 app listed in the Yono directory. Check its category and platform details, and browse related slots titles in the same.",148,INR Slots — Slots App Details,5,256,no,https://games.newyono-apps.in/games/inr-slots.html,24,5,0,BreadcrumbList+SoftwareApplication,structure only - copy pending,yes
/games/jai-club.html,game,Jai Club — Teen Patti App Details and Guide | New Yono Apps,59,"Jai Club is a teen patti and vip club app listed in the Yono directory. See its category and platform details, plus related teen patti titles here.",147,Jai Club — Teen Patti App Details,5,277,no,https://games.newyono-apps.in/games/jai-club.html,24,5,0,BreadcrumbList+SoftwareApplication,structure only - copy pending,yes
/games/jaiho-777.html,game,JaiHo 777 — Slots App Details and Guide | New Yono Apps,55,"JaiHo 777 is a slots and 777 app listed in the Yono directory. Check its category and platform details, and browse related slots titles in the same.",148,JaiHo 777 — Slots App Details,5,256,no,https://games.newyono-apps.in/games/jaiho-777.html,24,5,0,BreadcrumbList+SoftwareApplication,structure only - copy pending,yes
/games/jaiho-91.html,game,JaiHo 91 — Slots App Details and Guide | New Yono Apps,54,"JaiHo 91 is a slots and 777 app listed in the Yono directory. Check its category and platform details, and browse related slots titles in the same section.",155,JaiHo 91 — Slots App Details,5,256,no,https://games.newyono-apps.in/games/jaiho-91.html,24,5,0,BreadcrumbList+SoftwareApplication,structure only - copy pending,yes
/games/jaiho-arcade.html,game,JaiHo Arcade — Arcade App Details and Guide | New Yono Apps,59,"JaiHo Arcade is a arcade and casual app listed in the Yono directory. Check its category and platform details, and browse related arcade titles in the.",151,JaiHo Arcade — Arcade App Details,5,257,no,https://games.newyono-apps.in/games/jaiho-arcade.html,24,5,0,BreadcrumbList+SoftwareApplication,structure only - copy pending,yes
/games/jaiho-rummy.html,game,JaiHo Rummy — Rummy App Details and Guide | New Yono Apps,57,"JaiHo Rummy is a rummy app listed in the Yono directory. Check its category and platform details, and browse related rummy titles in the same section.",150,JaiHo Rummy — Rummy App Details,5,239,no,https://games.newyono-apps.in/games/jaiho-rummy.html,24,5,0,BreadcrumbList+SoftwareApplication,structure only - copy pending,yes
/games/jaiho-slots.html,game,JaiHo Slots — Slots App Details and Guide | New Yono Apps,57,"JaiHo Slots is a slots and 777 app listed in the Yono directory. Check its category and platform details, and browse related slots titles in the same.",150,JaiHo Slots — Slots App Details,5,256,no,https://games.newyono-apps.in/games/jaiho-slots.html,24,5,0,BreadcrumbList+SoftwareApplication,structure only - copy pending,yes
/games/jaiho-spin.html,game,JaiHo Spin — Slots App Details and Guide | New Yono Apps,56,"JaiHo Spin is a slots and 777 app listed in the Yono directory. Check its category and platform details, and browse related slots titles in the same.",149,JaiHo Spin — Slots App Details,5,256,no,https://games.newyono-apps.in/games/jaiho-spin.html,24,5,0,BreadcrumbList+SoftwareApplication,structure only - copy pending,yes
/games/jaiho-win.html,game,JaiHo Win — Arcade App Details and Guide | New Yono Apps,56,"JaiHo Win is a arcade and casual app listed in the Yono directory. Check its category and platform details, and browse related arcade titles in the same.",153,JaiHo Win — Arcade App Details,5,257,no,https://games.newyono-apps.in/games/jaiho-win.html,24,5,0,BreadcrumbList+SoftwareApplication,structure only - copy pending,yes
/games/joy-rummy.html,game,Joy Rummy — Rummy App Details and Guide | New Yono Apps,55,"Joy Rummy is a rummy app listed in the Yono directory. Check its category and platform details, and browse related rummy titles in the same section.",148,Joy Rummy — Rummy App Details,5,239,no,https://games.newyono-apps.in/games/joy-rummy.html,24,5,0,BreadcrumbList+SoftwareApplication,structure only - copy pending,yes
/games/love-rummy.html,game,Love Rummy — Rummy App Details and Guide | New Yono Apps,56,"Love Rummy is a rummy app listed in the Yono directory. Check its category and platform details, and browse related rummy titles in the same section.",149,Love Rummy — Rummy App Details,5,239,no,https://games.newyono-apps.in/games/love-rummy.html,24,5,0,BreadcrumbList+SoftwareApplication,structure only - copy pending,yes
/games/ludo-and-board.html,category,Yono Ludo and Board — 1 Apps Listed | New Yono Apps,51,All 1 ludo and board titles in the Yono app directory. Board-game titles built on Ludo and related turn-based formats played on a cross-shaped track.,149,Ludo &amp; Board,4,205,yes,https://games.newyono-apps.in/games/ludo-and-board.html,21,1,0,BreadcrumbList+CollectionPage,complete,yes
/games/maha-games.html,game,Maha Games — Arcade App Details and Guide | New Yono Apps,57,"Maha Games is a arcade and casual app listed in the Yono directory. Check its category and platform details, and browse related arcade titles in the same.",154,Maha Games — Arcade App Details,5,257,no,https://games.newyono-apps.in/games/maha-games.html,24,5,0,BreadcrumbList+SoftwareApplication,structure only - copy pending,yes
/games/max-rummy.html,game,Max Rummy — Rummy App Details and Guide | New Yono Apps,55,"Max Rummy is a rummy app listed in the Yono directory. Check its category and platform details, and browse related rummy titles in the same section.",148,Max Rummy — Rummy App Details,5,239,no,https://games.newyono-apps.in/games/max-rummy.html,24,5,0,BreadcrumbList+SoftwareApplication,structure only - copy pending,yes
/games/mbm-bet.html,game,MBM Bet — App Details and Guide | New Yono Apps,47,"MBM Bet is a multi-game platforms app listed in the Yono directory. See its category and platform details, plus related multi-game platforms titles here.",153,MBM Bet — Multi-Game Platforms App Details,5,248,no,https://games.newyono-apps.in/games/mbm-bet.html,24,5,0,BreadcrumbList+SoftwareApplication,structure only - copy pending,yes
/games/mdm-bet.html,game,MDM Bet — App Details and Guide | New Yono Apps,47,"MDM Bet is a multi-game platforms app listed in the Yono directory. See its category and platform details, plus related multi-game platforms titles here.",153,MDM Bet — Multi-Game Platforms App Details,5,248,no,https://games.newyono-apps.in/games/mdm-bet.html,24,5,0,BreadcrumbList+SoftwareApplication,structure only - copy pending,yes
/games/mkm-bet.html,game,MKM Bet — App Details and Guide | New Yono Apps,47,"MKM Bet is a multi-game platforms app listed in the Yono directory. See its category and platform details, plus related multi-game platforms titles here.",153,MKM Bet — Multi-Game Platforms App Details,5,248,no,https://games.newyono-apps.in/games/mkm-bet.html,24,5,0,BreadcrumbList+SoftwareApplication,structure only - copy pending,yes
/games/money-rummy.html,game,Money Rummy — Rummy App Details and Guide | New Yono Apps,57,"Money Rummy is a rummy app listed in the Yono directory. Check its category and platform details, and browse related rummy titles in the same section.",150,Money Rummy — Rummy App Details,5,239,no,https://games.newyono-apps.in/games/money-rummy.html,24,5,0,BreadcrumbList+SoftwareApplication,structure only - copy pending,yes
/games/mqm-bet.html,game,MQM Bet — App Details and Guide | New Yono Apps,47,"MQM Bet is a multi-game platforms app listed in the Yono directory. See its category and platform details, plus related multi-game platforms titles here.",153,MQM Bet — Multi-Game Platforms App Details,5,248,no,https://games.newyono-apps.in/games/mqm-bet.html,24,5,0,BreadcrumbList+SoftwareApplication,structure only - copy pending,yes
/games/multi-game-platforms.html,category,Yono Multi-Game Platforms — 6 Apps Listed | New Yono Apps,57,All 6 multi-game platforms titles in the Yono app directory. Multi-game platform apps that carry a broad catalogue spanning several of the other.,145,Multi-Game Platforms,4,221,yes,https://games.newyono-apps.in/games/multi-game-platforms.html,26,6,0,BreadcrumbList+CollectionPage,complete,yes
/games/mwm-bet.html,game,MWM Bet — App Details and Guide | New Yono Apps,47,"MWM Bet is a multi-game platforms app listed in the Yono directory. See its category and platform details, plus related multi-game platforms titles here.",153,MWM Bet — Multi-Game Platforms App Details,5,248,no,https://games.newyono-apps.in/games/mwm-bet.html,24,5,0,BreadcrumbList+SoftwareApplication,structure only - copy pending,yes
/games/my-777.html,game,My 777 — Slots App Details and Guide | New Yono Apps,52,"My 777 is a slots and 777 app listed in the Yono directory. Check its category and platform details, and browse related slots titles in the same section.",153,My 777 — Slots App Details,5,256,no,https://games.newyono-apps.in/games/my-777.html,24,5,0,BreadcrumbList+SoftwareApplication,structure only - copy pending,yes
/games/neta-vip.html,game,Neta VIP — Teen Patti App Details and Guide | New Yono Apps,59,"Neta VIP is a teen patti and vip club app listed in the Yono directory. See its category and platform details, plus related teen patti titles here.",147,Neta VIP — Teen Patti App Details,5,277,no,https://games.newyono-apps.in/games/neta-vip.html,24,5,0,BreadcrumbList+SoftwareApplication,structure only - copy pending,yes
/games/ok-rummy.html,game,OK Rummy — Rummy App Details and Guide | New Yono Apps,54,"OK Rummy is a rummy app listed in the Yono directory. Check its category and platform details, and browse related rummy titles in the same section.",147,OK Rummy — Rummy App Details,5,239,no,https://games.newyono-apps.in/games/ok-rummy.html,24,5,0,BreadcrumbList+SoftwareApplication,structure only - copy pending,yes
/games/raja-luck.html,game,Raja Luck — Arcade App Details and Guide | New Yono Apps,56,"Raja Luck is a arcade and casual app listed in the Yono directory. Check its category and platform details, and browse related arcade titles in the same.",153,Raja Luck — Arcade App Details,5,257,no,https://games.newyono-apps.in/games/raja-luck.html,24,5,0,BreadcrumbList+SoftwareApplication,structure only - copy pending,yes
/games/rani-slots.html,game,Rani Slots — Slots App Details and Guide | New Yono Apps,56,"Rani Slots is a slots and 777 app listed in the Yono directory. Check its category and platform details, and browse related slots titles in the same.",149,Rani Slots — Slots App Details,5,256,no,https://games.newyono-apps.in/games/rani-slots.html,24,5,0,BreadcrumbList+SoftwareApplication,structure only - copy pending,yes
/games/rumble-rummy.html,game,Rumble Rummy — Rummy App Details and Guide | New Yono Apps,58,"Rumble Rummy is a rummy app listed in the Yono directory. Check its category and platform details, and browse related rummy titles in the same section.",151,Rumble Rummy — Rummy App Details,5,239,no,https://games.newyono-apps.in/games/rumble-rummy.html,24,5,0,BreadcrumbList+SoftwareApplication,structure only - copy pending,yes
/games/rummy-365.html,game,Rummy 365 — Rummy App Details and Guide | New Yono Apps,55,"Rummy 365 is a rummy app listed in the Yono directory. Check its category and platform details, and browse related rummy titles in the same section.",148,Rummy 365 — Rummy App Details,5,239,no,https://games.newyono-apps.in/games/rummy-365.html,24,5,0,BreadcrumbList+SoftwareApplication,structure only - copy pending,yes
/games/rummy-77.html,game,Rummy 77 — Rummy App Details and Guide | New Yono Apps,54,"Rummy 77 is a rummy app listed in the Yono directory. Check its category and platform details, and browse related rummy titles in the same section.",147,Rummy 77 — Rummy App Details,5,239,no,https://games.newyono-apps.in/games/rummy-77.html,24,5,0,BreadcrumbList+SoftwareApplication,structure only - copy pending,yes
/games/rummy-888.html,game,Rummy 888 — Rummy App Details and Guide | New Yono Apps,55,"Rummy 888 is a rummy app listed in the Yono directory. Check its category and platform details, and browse related rummy titles in the same section.",148,Rummy 888 — Rummy App Details,5,239,no,https://games.newyono-apps.in/games/rummy-888.html,24,5,0,BreadcrumbList+SoftwareApplication,structure only - copy pending,yes
/games/rummy-91.html,game,Rummy 91 — Rummy App Details and Guide | New Yono Apps,54,"Rummy 91 is a rummy app listed in the Yono directory. Check its category and platform details, and browse related rummy titles in the same section.",147,Rummy 91 — Rummy App Details,5,239,no,https://games.newyono-apps.in/games/rummy-91.html,24,5,0,BreadcrumbList+SoftwareApplication,structure only - copy pending,yes
/games/rummy-ludo.html,game,Rummy Ludo — Ludo App Details and Guide | New Yono Apps,55,"Rummy Ludo is a ludo and board app listed in the Yono directory. Check its category and platform details, and browse related ludo titles in the same.",149,Rummy Ludo — Ludo App Details,4,227,no,https://games.newyono-apps.in/games/rummy-ludo.html,20,1,0,BreadcrumbList+SoftwareApplication,structure only - copy pending,yes
/games/rummy-yono.html,game,Rummy Yono — Rummy App Details and Guide | New Yono Apps,56,"Rummy Yono is a rummy app listed in the Yono directory. Check its category and platform details, and browse related rummy titles in the same section.",149,Rummy Yono — Rummy App Details,5,239,no,https://games.newyono-apps.in/games/rummy-yono.html,24,5,0,BreadcrumbList+SoftwareApplication,structure only - copy pending,yes
/games/rummy-zip.html,game,Rummy Zip — Rummy App Details and Guide | New Yono Apps,55,"Rummy Zip is a rummy app listed in the Yono directory. Check its category and platform details, and browse related rummy titles in the same section.",148,Rummy Zip — Rummy App Details,5,239,no,https://games.newyono-apps.in/games/rummy-zip.html,24,5,0,BreadcrumbList+SoftwareApplication,structure only - copy pending,yes
/games/rummy.html,category,Yono Rummy — 26 Apps Listed | New Yono Apps,43,"All 26 rummy titles in the Yono app directory. Card games built on the Indian rummy family, including 13-card and 21-card formats where players form valid.",155,Rummy,4,278,yes,https://games.newyono-apps.in/games/rummy.html,46,26,0,BreadcrumbList+CollectionPage,complete,yes
/games/saga-slots.html,game,Saga Slots — Slots App Details and Guide | New Yono Apps,56,"Saga Slots is a slots and 777 app listed in the Yono directory. Check its category and platform details, and browse related slots titles in the same.",149,Saga Slots — Slots App Details,5,256,no,https://games.newyono-apps.in/games/saga-slots.html,24,5,0,BreadcrumbList+SoftwareApplication,structure only - copy pending,yes
/games/share-slots.html,game,Share Slots — Slots App Details and Guide | New Yono Apps,57,"Share Slots is a slots and 777 app listed in the Yono directory. Check its category and platform details, and browse related slots titles in the same.",150,Share Slots — Slots App Details,5,256,no,https://games.newyono-apps.in/games/share-slots.html,24,5,0,BreadcrumbList+SoftwareApplication,structure only - copy pending,yes
/games/slots-and-777.html,category,Yono Slots and 777 — 35 Apps Listed | New Yono Apps,51,All 35 slots and 777 titles in the Yono app directory. Reel-spinning and 777-style titles where the outcome turns on symbol combinations rather than.,149,Slots &amp; 777,4,376,yes,https://games.newyono-apps.in/games/slots-and-777.html,55,35,0,BreadcrumbList+CollectionPage,complete,no
/games/slots-spin.html,game,Slots Spin — Slots App Details and Guide | New Yono Apps,56,"Slots Spin is a slots and 777 app listed in the Yono directory. Check its category and platform details, and browse related slots titles in the same.",149,Slots Spin — Slots App Details,5,256,no,https://games.newyono-apps.in/games/slots-spin.html,24,5,0,BreadcrumbList+SoftwareApplication,structure only - copy pending,yes
/games/slots-winner.html,game,Slots Winner — Slots App Details and Guide | New Yono Apps,58,"Slots Winner is a slots and 777 app listed in the Yono directory. Check its category and platform details, and browse related slots titles in the same.",151,Slots Winner — Slots App Details,5,256,no,https://games.newyono-apps.in/games/slots-winner.html,24,5,0,BreadcrumbList+SoftwareApplication,structure only - copy pending,yes
/games/spin-101.html,game,Spin 101 — Slots App Details and Guide | New Yono Apps,54,"Spin 101 is a slots and 777 app listed in the Yono directory. Check its category and platform details, and browse related slots titles in the same section.",155,Spin 101 — Slots App Details,5,256,no,https://games.newyono-apps.in/games/spin-101.html,24,5,0,BreadcrumbList+SoftwareApplication,structure only - copy pending,yes
/games/spin-777.html,game,Spin 777 — Slots App Details and Guide | New Yono Apps,54,"Spin 777 is a slots and 777 app listed in the Yono directory. Check its category and platform details, and browse related slots titles in the same section.",155,Spin 777 — Slots App Details,5,256,no,https://games.newyono-apps.in/games/spin-777.html,24,5,0,BreadcrumbList+SoftwareApplication,structure only - copy pending,yes
/games/spin-crush.html,game,Spin Crush — Slots App Details and Guide | New Yono Apps,56,"Spin Crush is a slots and 777 app listed in the Yono directory. Check its category and platform details, and browse related slots titles in the same.",149,Spin Crush — Slots App Details,5,256,no,https://games.newyono-apps.in/games/spin-crush.html,24,5,0,BreadcrumbList+SoftwareApplication,structure only - copy pending,yes
/games/spin-gold.html,game,Spin Gold — Slots App Details and Guide | New Yono Apps,55,"Spin Gold is a slots and 777 app listed in the Yono directory. Check its category and platform details, and browse related slots titles in the same.",148,Spin Gold — Slots App Details,5,256,no,https://games.newyono-apps.in/games/spin-gold.html,24,5,0,BreadcrumbList+SoftwareApplication,structure only - copy pending,yes
/games/spin-lucky.html,game,Spin Lucky — Slots App Details and Guide | New Yono Apps,56,"Spin Lucky is a slots and 777 app listed in the Yono directory. Check its category and platform details, and browse related slots titles in the same.",149,Spin Lucky — Slots App Details,5,256,no,https://games.newyono-apps.in/games/spin-lucky.html,24,5,0,BreadcrumbList+SoftwareApplication,structure only - copy pending,yes
/games/spin-winner.html,game,Spin Winner — Slots App Details and Guide | New Yono Apps,57,"Spin Winner is a slots and 777 app listed in the Yono directory. Check its category and platform details, and browse related slots titles in the same.",150,Spin Winner — Slots App Details,5,256,no,https://games.newyono-apps.in/games/spin-winner.html,24,5,0,BreadcrumbList+SoftwareApplication,structure only - copy pending,yes
/games/svip-777.html,game,SVIP 777 — Slots App Details and Guide | New Yono Apps,54,"SVIP 777 is a slots and 777 app listed in the Yono directory. Check its category and platform details, and browse related slots titles in the same section.",155,SVIP 777 — Slots App Details,5,256,no,https://games.newyono-apps.in/games/svip-777.html,24,5,0,BreadcrumbList+SoftwareApplication,structure only - copy pending,yes
/games/teen-patti-and-vip-club.html,category,Yono Teen Patti and VIP Club — 7 Apps Listed | New Yono Apps,60,"All 7 teen patti and vip club titles in the Yono app directory. Teen Patti and private club-room titles, the three-card betting format widely played.",149,Teen Patti &amp; VIP Club,4,256,yes,https://games.newyono-apps.in/games/teen-patti-and-vip-club.html,27,7,0,BreadcrumbList+CollectionPage,complete,yes
/games/teen-patti-master.html,game,Teen Patti Master — App Details and Guide | New Yono Apps,57,"Teen Patti Master is a teen patti and vip club app listed in the Yono directory. Check its category and platform details, and browse related teen patti.",152,Teen Patti Master — Teen Patti App Details,5,279,no,https://games.newyono-apps.in/games/teen-patti-master.html,24,5,0,BreadcrumbList+SoftwareApplication,structure only - copy pending,yes
/games/top-rummy.html,game,Top Rummy — Rummy App Details and Guide | New Yono Apps,55,"Top Rummy is a rummy app listed in the Yono directory. Check its category and platform details, and browse related rummy titles in the same section.",148,Top Rummy — Rummy App Details,5,239,no,https://games.newyono-apps.in/games/top-rummy.html,24,5,0,BreadcrumbList+SoftwareApplication,structure only - copy pending,yes
/games/win-rummy.html,game,Win Rummy — Rummy App Details and Guide | New Yono Apps,55,"Win Rummy is a rummy app listed in the Yono directory. Check its category and platform details, and browse related rummy titles in the same section.",148,Win Rummy — Rummy App Details,5,239,no,https://games.newyono-apps.in/games/win-rummy.html,24,5,0,BreadcrumbList+SoftwareApplication,structure only - copy pending,yes
/games/winzo-rummy.html,game,Winzo Rummy — Rummy App Details and Guide | New Yono Apps,57,"Winzo Rummy is a rummy app listed in the Yono directory. Check its category and platform details, and browse related rummy titles in the same section.",150,Winzo Rummy — Rummy App Details,5,239,no,https://games.newyono-apps.in/games/winzo-rummy.html,24,5,0,BreadcrumbList+SoftwareApplication,structure only - copy pending,yes
/games/yes-spin.html,game,Yes Spin — Slots App Details and Guide | New Yono Apps,54,"Yes Spin is a slots and 777 app listed in the Yono directory. Check its category and platform details, and browse related slots titles in the same section.",155,Yes Spin — Slots App Details,5,256,no,https://games.newyono-apps.in/games/yes-spin.html,24,5,0,BreadcrumbList+SoftwareApplication,structure only - copy pending,yes
/games/yn-777.html,game,YN 777 — Slots App Details and Guide | New Yono Apps,52,"YN 777 is a slots and 777 app listed in the Yono directory. Check its category and platform details, and browse related slots titles in the same section.",153,YN 777 — Slots App Details,5,256,no,https://games.newyono-apps.in/games/yn-777.html,24,5,0,BreadcrumbList+SoftwareApplication,structure only - copy pending,yes
/games/yn-rummy.html,game,YN Rummy — Rummy App Details and Guide | New Yono Apps,54,"YN Rummy is a rummy app listed in the Yono directory. Check its category and platform details, and browse related rummy titles in the same section.",147,YN Rummy — Rummy App Details,5,239,no,https://games.newyono-apps.in/games/yn-rummy.html,24,5,0,BreadcrumbList+SoftwareApplication,structure only - copy pending,yes
/games/yono-777.html,game,Yono 777 — Slots App Details and Guide | New Yono Apps,54,"Yono 777 is a slots and 777 app listed in the Yono directory. Check its category and platform details, and browse related slots titles in the same section.",155,Yono 777 — Slots App Details,5,256,no,https://games.newyono-apps.in/games/yono-777.html,24,5,0,BreadcrumbList+SoftwareApplication,structure only - copy pending,yes
/games/yono-arcade.html,game,Yono Arcade — Arcade App Details and Guide | New Yono Apps,58,"Yono Arcade is a arcade and casual app listed in the Yono directory. Check its category and platform details, and browse related arcade titles in the same.",155,Yono Arcade — Arcade App Details,5,257,no,https://games.newyono-apps.in/games/yono-arcade.html,24,5,0,BreadcrumbList+SoftwareApplication,structure only - copy pending,yes
/games/yono-games.html,game,Yono Games — Arcade App Details and Guide | New Yono Apps,57,"Yono Games is a arcade and casual app listed in the Yono directory. Check its category and platform details, and browse related arcade titles in the same.",154,Yono Games — Arcade App Details,5,257,no,https://games.newyono-apps.in/games/yono-games.html,24,5,0,BreadcrumbList+SoftwareApplication,structure only - copy pending,yes
/games/yono-rummy.html,game,Yono Rummy — Rummy App Details and Guide | New Yono Apps,56,"Yono Rummy is a rummy app listed in the Yono directory. Check its category and platform details, and browse related rummy titles in the same section.",149,Yono Rummy — Rummy App Details,5,239,no,https://games.newyono-apps.in/games/yono-rummy.html,24,5,0,BreadcrumbList+SoftwareApplication,structure only - copy pending,yes
/games/yono-slots.html,game,Yono Slots — Slots App Details and Guide | New Yono Apps,56,"Yono Slots is a slots and 777 app listed in the Yono directory. Check its category and platform details, and browse related slots titles in the same.",149,Yono Slots — Slots App Details,5,256,no,https://games.newyono-apps.in/games/yono-slots.html,24,5,0,BreadcrumbList+SoftwareApplication,structure only - copy pending,yes
/games/yono-vip.html,game,Yono VIP — Teen Patti App Details and Guide | New Yono Apps,59,"Yono VIP is a teen patti and vip club app listed in the Yono directory. See its category and platform details, plus related teen patti titles here.",147,Yono VIP — Teen Patti App Details,5,277,no,https://games.newyono-apps.in/games/yono-vip.html,24,5,0,BreadcrumbList+SoftwareApplication,structure only - copy pending,yes
/games/yoyo-slots.html,game,YoYo Slots — Slots App Details and Guide | New Yono Apps,56,"YoYo Slots is a slots and 777 app listed in the Yono directory. Check its category and platform details, and browse related slots titles in the same.",149,YoYo Slots — Slots App Details,5,256,no,https://games.newyono-apps.in/games/yoyo-slots.html,24,5,0,BreadcrumbList+SoftwareApplication,structure only - copy pending,yes
/,home,Yono Games List — 90 Apps by Category | New Yono Apps,53,"An independent directory of 90 Yono game apps sorted into 7 categories, from rummy and slots to Teen Patti, arcade and bingo. Browse the full list.",147,"Every Yono game, in one directory",5,404,yes,https://games.newyono-apps.in/,20,0,0,Organization+WebSite,complete,no
/pages/about.html,legal/info,About | New Yono Apps,21,"About New Yono Apps, an independent directory of Yono game apps.",64,About,4,236,yes,https://games.newyono-apps.in/pages/about.html,20,0,0,BreadcrumbList,complete,yes
/pages/contact.html,legal/info,Contact | New Yono Apps,23,Contact New Yono Apps.,22,Contact,4,210,no,https://games.newyono-apps.in/pages/contact.html,20,0,0,BreadcrumbList,structure only - copy pending,yes
/pages/disclaimer.html,legal/info,Disclaimer | New Yono Apps,26,Disclaimer for New Yono Apps.,29,Disclaimer,4,266,yes,https://games.newyono-apps.in/pages/disclaimer.html,20,0,0,BreadcrumbList,complete,yes
/pages/privacy-policy.html,legal/info,Privacy Policy | New Yono Apps,30,Privacy policy for New Yono Apps.,33,Privacy Policy,4,196,no,https://games.newyono-apps.in/pages/privacy-policy.html,20,0,0,BreadcrumbList,structure only - copy pending,yes
/pages/responsible-gaming.html,legal/info,Responsible Gaming | New Yono Apps,34,Responsible gaming guidance and support resources.,50,Responsible Gaming,4,263,yes,https://games.newyono-apps.in/pages/responsible-gaming.html,20,0,0,BreadcrumbList,complete,yes
/pages/terms.html,legal/info,Terms &amp; Conditions | New Yono Apps,38,Terms and conditions for using New Yono Apps.,45,Terms &amp; Conditions,4,199,no,https://games.newyono-apps.in/pages/terms.html,20,0,0,BreadcrumbList,structure only - copy pending,yes
